{
  "config": {
    "model": "sentence-transformers/paraphrase-multilingual-mpnet-base-v2",
    "seed": 42,
    "device": "mps",
    "downsample_cls1_la": 5290
  },
  "volume": {
    "corpus_cls0": 5290,
    "corpus_cls1_full": 6048,
    "corpus_cls1_downsampled": 5290,
    "test_articole": 167,
    "test_propozitii": 2181,
    "test_cls0_articole": 55,
    "test_cls1_articole": 112
  },
  "anti_contaminare": {
    "test_articole_unice": 167,
    "cls0_articole_unice": 737,
    "cls1_articole_unice": 634,
    "suprapunere_test_cls0": 0,
    "suprapunere_test_cls1": 0,
    "exemple_overlap_cls0": [],
    "exemple_overlap_cls1": []
  },
  "rezultate": {
    "test_A_cls1_only": {
      "mean": {
        "auc": 0.8313311688311688,
        "cohen_d": 1.2081279754638672,
        "gap_veridica_stopfals": {
          "veridica_mean": 0.7014501690864563,
          "stopfals_mean": 0.7016395926475525,
          "gap": -0.0001894235610961914,
          "n_veridica": 99,
          "n_stopfals": 13
        },
        "media_cls0": 0.6368735432624817,
        "media_cls1": 0.7014722228050232
      },
      "min": {
        "auc": 0.9774350649350649,
        "cohen_d": 2.8079888820648193,
        "gap_veridica_stopfals": {
          "veridica_mean": 0.5811340808868408,
          "stopfals_mean": 0.5839007496833801,
          "gap": -0.0027666687965393066,
          "n_veridica": 99,
          "n_stopfals": 13
        },
        "media_cls0": 0.35782623291015625,
        "media_cls1": 0.5814552307128906
      },
      "p10": {
        "auc": 0.8741883116883117,
        "cohen_d": 1.549363613128662,
        "gap_veridica_stopfals": {
          "veridica_mean": 0.6188408136367798,
          "stopfals_mean": 0.6270163059234619,
          "gap": -0.008175492286682129,
          "n_veridica": 99,
          "n_stopfals": 13
        },
        "media_cls0": 0.5184546113014221,
        "media_cls1": 0.619789719581604
      }
    },
    "test_B_cls0_only": {
      "mean": {
        "auc": 0.47629870129870133,
        "cohen_d": -0.1784016191959381,
        "gap_veridica_stopfals": {
          "veridica_mean": 0.6634371280670166,
          "stopfals_mean": 0.654895544052124,
          "gap": 0.008541584014892578,
          "n_veridica": 99,
          "n_stopfals": 13
        },
        "media_cls0": 0.6721052527427673,
        "media_cls1": 0.6624456644058228
      },
      "min": {
        "auc": 0.9435064935064935,
        "cohen_d": 2.233746290206909,
        "gap_veridica_stopfals": {
          "veridica_mean": 0.5486051440238953,
          "stopfals_mean": 0.5657998323440552,
          "gap": -0.017194688320159912,
          "n_veridica": 99,
          "n_stopfals": 13
        },
        "media_cls0": 0.3708798587322235,
        "media_cls1": 0.5506009459495544
      },
      "p10": {
        "auc": 0.6904220779220778,
        "cohen_d": 0.6034670472145081,
        "gap_veridica_stopfals": {
          "veridica_mean": 0.5864099860191345,
          "stopfals_mean": 0.5883361101150513,
          "gap": -0.001926124095916748,
          "n_veridica": 99,
          "n_stopfals": 13
        },
        "media_cls0": 0.5463982224464417,
        "media_cls1": 0.586633563041687
      }
    },
    "test_D_diff": {
      "mean": {
        "auc": 0.9738636363636364,
        "cohen_d": 2.4040822982788086,
        "gap_veridica_stopfals": {
          "veridica_mean": 0.03801307827234268,
          "stopfals_mean": 0.046744126826524734,
          "gap": -0.008731048554182053,
          "n_veridica": 99,
          "n_stopfals": 13
        },
        "media_cls0": -0.035231661051511765,
        "media_cls1": 0.03902650251984596
      },
      "min": {
        "auc": 0.778409090909091,
        "cohen_d": 0.9721767902374268,
        "gap_veridica_stopfals": {
          "veridica_mean": 0.03252897039055824,
          "stopfals_mean": 0.018100963905453682,
          "gap": 0.01442800648510456,
          "n_veridica": 99,
          "n_stopfals": 13
        },
        "media_cls0": -0.013053644448518753,
        "media_cls1": 0.03085428848862648
      },
      "p10": {
        "auc": 0.899512987012987,
        "cohen_d": 1.6065009832382202,
        "gap_veridica_stopfals": {
          "veridica_mean": 0.03243084251880646,
          "stopfals_mean": 0.03868017718195915,
          "gap": -0.006249334663152695,
          "n_veridica": 99,
          "n_stopfals": 13
        },
        "media_cls0": -0.027943627908825874,
        "media_cls1": 0.03315621241927147
      }
    }
  }
}