{
  "meta": {
    "seed": 42,
    "device": "mps",
    "n_corpus": 5290,
    "n_articole": 20,
    "n_propozitii": 164,
    "top_k": 5,
    "percentila": 10
  },
  "modele": {
    "minilm": {
      "viteza_prop_sec": 710.2490838619073,
      "scoruri": {
        "max": {
          "mean": {
            "cls0_mean": 1.0,
            "cls0_std": 1.3475279558861075e-07,
            "cls1_mean": 0.6316910982131958,
            "cls1_std": 0.06143024191260338,
            "cohen_d": 8.479004836860643,
            "auc": 1.0,
            "veridica_mean": 0.6235630512237549,
            "stopfals_mean": 0.664203405380249,
            "n_cls0": 10,
            "n_cls1": 10
          },
          "min": {
            "cls0_mean": 0.9999996423721313,
            "cls0_std": 1.8100804766163492e-07,
            "cls1_mean": 0.5147470235824585,
            "cls1_std": 0.0795520469546318,
            "cohen_d": 8.626438233199618,
            "auc": 1.0,
            "veridica_mean": 0.4922979474067688,
            "stopfals_mean": 0.6045433878898621,
            "n_cls0": 10,
            "n_cls1": 10
          },
          "p10": {
            "cls0_mean": 0.9999997019767761,
            "cls0_std": 1.7434287258311087e-07,
            "cls1_mean": 0.5522792339324951,
            "cls1_std": 0.07510196417570114,
            "cohen_d": 8.430835537922022,
            "auc": 1.0,
            "veridica_mean": 0.5358296632766724,
            "stopfals_mean": 0.6180778741836548,
            "n_cls0": 10,
            "n_cls1": 10
          }
        },
        "topk_mean": {
          "mean": {
            "cls0_mean": 0.7526227235794067,
            "cls0_std": 0.03309189900755882,
            "cls1_mean": 0.5981842279434204,
            "cls1_std": 0.06748543679714203,
            "cohen_d": 2.9058353814190103,
            "auc": 1.0,
            "veridica_mean": 0.5890148878097534,
            "stopfals_mean": 0.6348618268966675,
            "n_cls0": 10,
            "n_cls1": 10
          },
          "min": {
            "cls0_mean": 0.6579887866973877,
            "cls0_std": 0.07285866141319275,
            "cls1_mean": 0.48244237899780273,
            "cls1_std": 0.07489512860774994,
            "cohen_d": 2.375975668331771,
            "auc": 0.949999988079071,
            "veridica_mean": 0.4595026969909668,
            "stopfals_mean": 0.5742013454437256,
            "n_cls0": 10,
            "n_cls1": 10
          },
          "p10": {
            "cls0_mean": 0.6919888257980347,
            "cls0_std": 0.052569106221199036,
            "cls1_mean": 0.5173197984695435,
            "cls1_std": 0.07041268795728683,
            "cohen_d": 2.8111312460210556,
            "auc": 0.9800000190734863,
            "veridica_mean": 0.5002840757369995,
            "stopfals_mean": 0.5854628086090088,
            "n_cls0": 10,
            "n_cls1": 10
          }
        }
      }
    },
    "mpnet": {
      "viteza_prop_sec": 322.1247186981415,
      "scoruri": {
        "max": {
          "mean": {
            "cls0_mean": 1.0,
            "cls0_std": 1.6262835345060012e-07,
            "cls1_mean": 0.6385473012924194,
            "cls1_std": 0.055082593113183975,
            "cohen_d": 9.2800894525622,
            "auc": 1.0,
            "veridica_mean": 0.6340433955192566,
            "stopfals_mean": 0.6565628051757812,
            "n_cls0": 10,
            "n_cls1": 10
          },
          "min": {
            "cls0_mean": 0.9999996423721313,
            "cls0_std": 2.5981063345170696e-07,
            "cls1_mean": 0.5318487286567688,
            "cls1_std": 0.06818166375160217,
            "cohen_d": 9.71031350245322,
            "auc": 1.0,
            "veridica_mean": 0.5143887996673584,
            "stopfals_mean": 0.6016882658004761,
            "n_cls0": 10,
            "n_cls1": 10
          },
          "p10": {
            "cls0_mean": 0.9999997019767761,
            "cls0_std": 2.425224749913468e-07,
            "cls1_mean": 0.5706584453582764,
            "cls1_std": 0.06806731969118118,
            "cohen_d": 8.920288828600277,
            "auc": 1.0,
            "veridica_mean": 0.5586775541305542,
            "stopfals_mean": 0.6185818910598755,
            "n_cls0": 10,
            "n_cls1": 10
          }
        },
        "topk_mean": {
          "mean": {
            "cls0_mean": 0.7709391713142395,
            "cls0_std": 0.016838086768984795,
            "cls1_mean": 0.6078265309333801,
            "cls1_std": 0.06114668771624565,
            "cohen_d": 3.637122367123149,
            "auc": 1.0,
            "veridica_mean": 0.6015684604644775,
            "stopfals_mean": 0.6328586935997009,
            "n_cls0": 10,
            "n_cls1": 10
          },
          "min": {
            "cls0_mean": 0.6809521913528442,
            "cls0_std": 0.051216088235378265,
            "cls1_mean": 0.5060632824897766,
            "cls1_std": 0.06793590635061264,
            "cohen_d": 2.9070784110619,
            "auc": 0.9700000286102295,
            "veridica_mean": 0.486596941947937,
            "stopfals_mean": 0.5839285850524902,
            "n_cls0": 10,
            "n_cls1": 10
          },
          "p10": {
            "cls0_mean": 0.7132471203804016,
            "cls0_std": 0.02792498841881752,
            "cls1_mean": 0.5407938361167908,
            "cls1_std": 0.06679441779851913,
            "cohen_d": 3.368734963078798,
            "auc": 0.9900000095367432,
            "veridica_mean": 0.52635258436203,
            "stopfals_mean": 0.5985589027404785,
            "n_cls0": 10,
            "n_cls1": 10
          }
        }
      }
    },
    "xlmr_ft_mean": {
      "viteza_prop_sec": 239.27217002254312,
      "scoruri": {
        "max": {
          "mean": {
            "cls0_mean": 1.0,
            "cls0_std": 1.3328003944934608e-07,
            "cls1_mean": 0.9917553663253784,
            "cls1_std": 0.001847029896453023,
            "cohen_d": 6.3126745136546685,
            "auc": 1.0,
            "veridica_mean": 0.9916833639144897,
            "stopfals_mean": 0.9920434951782227,
            "n_cls0": 10,
            "n_cls1": 10
          },
          "min": {
            "cls0_mean": 0.9999997019767761,
            "cls0_std": 1.5517571227974258e-07,
            "cls1_mean": 0.9853383898735046,
            "cls1_std": 0.007996688596904278,
            "cohen_d": 2.5928409936713583,
            "auc": 1.0,
            "veridica_mean": 0.9846664071083069,
            "stopfals_mean": 0.9880263805389404,
            "n_cls0": 10,
            "n_cls1": 10
          },
          "p10": {
            "cls0_mean": 0.9999998211860657,
            "cls0_std": 1.0130841587852046e-07,
            "cls1_mean": 0.9892698526382446,
            "cls1_std": 0.0028860841412097216,
            "cohen_d": 5.257798980118477,
            "auc": 1.0,
            "veridica_mean": 0.988978385925293,
            "stopfals_mean": 0.9904356002807617,
            "n_cls0": 10,
            "n_cls1": 10
          }
        },
        "topk_mean": {
          "mean": {
            "cls0_mean": 0.9928297996520996,
            "cls0_std": 0.001234389841556549,
            "cls1_mean": 0.9908679127693176,
            "cls1_std": 0.002111676149070263,
            "cohen_d": 1.1343519892737155,
            "auc": 0.8100000023841858,
            "veridica_mean": 0.9907990097999573,
            "stopfals_mean": 0.9911432862281799,
            "n_cls0": 10,
            "n_cls1": 10
          },
          "min": {
            "cls0_mean": 0.9893113970756531,
            "cls0_std": 0.002926646964624524,
            "cls1_mean": 0.9841481447219849,
            "cls1_std": 0.009237015619874,
            "cohen_d": 0.7535879533593901,
            "auc": 0.699999988079071,
            "veridica_mean": 0.9833314418792725,
            "stopfals_mean": 0.9874149560928345,
            "n_cls0": 10,
            "n_cls1": 10
          },