{
  "proba_1_lungime": {
    "stats_label": {
      "cls0": {
        "n_articole": 55,
        "min": 8,
        "p25": 13.5,
        "mediana": 19.0,
        "p75": 24.0,
        "max": 48,
        "media": 20.454545454545453,
        "std": 9.188999425275336
      },
      "cls1": {
        "n_articole": 112,
        "min": 1,
        "p25": 6.0,
        "mediana": 9.0,
        "p75": 11.0,
        "max": 32,
        "media": 9.428571428571429,
        "std": 4.985951951204189
      }
    },
    "stats_sursa": {
      "hotnews.ro": {
        "n_articole": 45,
        "mediana": 17.0,
        "media": 19.333333333333332,
        "min": 8,
        "max": 48
      },
      "libertatea.ro": {
        "n_articole": 5,
        "mediana": 22.0,
        "media": 24.2,
        "min": 10,
        "max": 42
      },
      "stirileprotv.ro": {
        "n_articole": 5,
        "mediana": 25.0,
        "media": 26.8,
        "min": 22,
        "max": 35
      },
      "stopfals.md": {
        "n_articole": 13,
        "mediana": 10.0,
        "media": 7.6923076923076925,
        "min": 2,
        "max": 16
      },
      "veridica.ro": {
        "n_articole": 99,
        "mediana": 9.0,
        "media": 9.656565656565656,
        "min": 1,
        "max": 32
      }
    },
    "raport_mediane_cls0_cls1": 2.111111111111111,
    "interpretare": "ATENȚIE: diferență mare între mediane (raport 2.11x). Artefact de lungime PLAUZIBIL — agregarea min penalizează articolele mai lungi."
  },
  "proba_2_subset_corelatie": {
    "interval_balansat_p25_p75": [
      8.0,
      16.0
    ],
    "n_articole_subset": 85,
    "n_cls0_subset": 23,
    "n_cls1_subset": 62,
    "auc_full": {
      "scor_cls1_min": 0.9774350649350649,
      "scor_cls0_min": 0.9435064935064935,
      "diff_min": 0.778409090909091,
      "scor_cls1_mean": 0.8313311688311688,
      "scor_cls0_mean": 0.47629870129870133,
      "diff_mean": 0.9738636363636364
    },
    "auc_subset_balansat": {
      "scor_cls1_min": 0.9775596072931276,
      "scor_cls0_min": 0.9298737727910238,
      "diff_min": 0.8632538569424966,
      "scor_cls1_mean": 0.8338008415147264,
      "scor_cls0_mean": 0.4950911640953716,
      "diff_mean": 0.9789621318373071
    },
    "delta_auc_full_vs_subset": {
      "scor_cls1_min": 0.00012454235806269587,
      "scor_cls0_min": -0.013632720715469726,
      "diff_min": 0.08484476603340552,
      "scor_cls1_mean": 0.0024696726835576888,
      "scor_cls0_mean": 0.018792462796670295,
      "diff_mean": 0.0050984954736706944
    },
    "corelatii_nrprop_scor": {
      "cls0": {
        "scor_cls1_min": 0.36932395074693647,
        "scor_cls0_min": 0.27361457898072433,
        "diff_min": 0.3409929771116709,
        "scor_cls1_mean": 0.4758826930151469,
        "scor_cls0_mean": 0.49211193454244295,
        "diff_mean": -0.023650766872824337
      },
      "cls1": {
        "scor_cls1_min": -0.4210486116359776,
        "scor_cls0_min": -0.4097298789182928,
        "diff_min": -0.004423312032857108,
        "scor_cls1_mean": -0.12131730125711605,
        "scor_cls0_mean": -0.22215321842139255,
        "diff_mean": 0.18740766646202706
      }
    },
    "interpretari": [
      "AUC Test A (min) scade doar cu +0.000 pe subset → semnalul NU e artefact de lungime.",
      "AUC Test D (mean) stabil pe subset (+0.005) → agregarea mean pe diferență e robustă la lungime."
    ]
  },
  "proba_3_inspectie": {
    "exemple": {
      "cls0": [
        {
          "articol_id": "ext_052",
          "sursa": "stirileprotv.ro",
          "nr_prop_articol": 35,
          "propozitia_min": "Programul „Femeia Antreprenor” este reluat după doi ani de blocaj, au anunțat reprezentanții Ministerului Economiei.",
          "nr_cuvinte": 15,
          "scor_min": 0.4220958650112152,
          "match_corpus_cls1": "[…] este necesară reluarea activității mass-mediei independente interzise în mod ilegal începând cu anul 2019.",
          "match_scor": 0.4220958948135376
        },
        {
          "articol_id": "ext_037",
          "sursa": "hotnews.ro",
          "nr_prop_articol": 32,
          "propozitia_min": "Accesați Modifică Setările pentru preferințe și consultați Politica de confidențialitate.",
          "nr_cuvinte": 10,
          "scor_min": 0.44993481040000916,
          "match_corpus_cls1": "Așteptări și efecte ale legii securității informaționale.",
          "match_scor": 0.44993501901626587
        },
        {
          "articol_id": "ext_005",
          "sursa": "hotnews.ro",
          "nr_prop_articol": 23,
          "propozitia_min": "Accesați Modifică Setările pentru preferințe și consultați Politica de confidențialitate.",
          "nr_cuvinte": 10,
          "scor_min": 0.44993481040000916,
          "match_corpus_cls1": "Așteptări și efecte ale legii securității informaționale.",
          "match_scor": 0.44993501901626587
        },
        {
          "articol_id": "ext_032",
          "sursa": "hotnews.ro",
          "nr_prop_articol": 48,
          "propozitia_min": "Accesați Modifică Setările pentru preferințe și consultați Politica de confidențialitate.",
          "nr_cuvinte": 10,
          "scor_min": 0.44993481040000916,
          "match_corpus_cls1": "Așteptări și efecte ale legii securității informaționale.",
          "match_scor": 0.44993501901626587
        },
        {
          "articol_id": "ext_022",
          "sursa": "hotnews.ro",
          "nr_prop_articol": 20,
          "propozitia_min": "HotNews.ro utilizează cookie-uri pentru a îmbunătăți experiența dvs. Accesați Modifică Setările pentru preferințe și consultați Politica de confidențialitate.",
          "nr_cuvinte": 18,
          "scor_min": 0.3129541873931885,
          "match_corpus_cls1": "Potrivit SVR, Mažeiks și-a permis să ofere partidului de guvernământ \"Acțiune și Solidaritate\" instrucțiuni detaliate despre cum ar trebui să funcționeze democrația în Moldova până la alegerile parlamentare din 2025.",
          "match_scor": 0.3129543960094452
        },
        {
          "articol_id": "ext_050",
          "sursa": "hotnews.ro",
          "nr_prop_articol": 35,
          "propozitia_min": "HotNews.ro utilizează cookie-uri pentru a îmbunătăți experiența dvs. Accesați Modifică Setările pentru preferințe și consultați Politica de confidențialitate.",
          "nr_cuvinte": 18,
          "scor_min": 0.3129541873931885,
          "match_corpus_cls1": "Potrivit SVR, Mažeiks și-a permis să ofere partidului de guvernământ \"Acțiune și Solidaritate\" instrucțiuni detaliate despre cum ar trebui să funcționeze democrația în Moldova până la alegerile parlamentare din 2025.",
          "match_scor": 0.3129543960094452
        },
        {
          "articol_id": "ext_053",
          "sursa": "hotnews.ro",
          "nr_prop_articol": 22,
          "propozitia_min": "HotNews.ro utilizează cookie-uri pentru a îmbunătăți experiența dvs. Accesați Modifică Setările pentru preferințe și consultați Politica de confidențialitate.",
          "nr_cuvinte": 18,
          "scor_min": 0.3129541873931885,
          "match_corpus_cls1": "Potrivit SVR, Mažeiks și-a permis să ofere partidului de guvernământ \"Acțiune și Solidaritate\" instrucțiuni detaliate despre cum ar trebui să funcționeze democrația în Moldova până la alegerile parlamentare din 2025.",
          "match_scor": 0.3129543960094452
        },
        {
          "articol_id": "ext_006",
          "sursa": "hotnews.ro",
          "nr_prop_articol": 21,
          "propozitia_min": "HotNews.ro utilizează cookie-uri pentru a îmbunătăți experiența dvs. Accesați Modifică Setările pentru preferințe și consultați Politica de confidențialitate.",
          "nr_cuvinte": 18,
          "scor_min": 0.3129541873931885,
          "match_corpus_cls1": "Potrivit SVR, Mažeiks și-a permis să ofere partidului de guvernământ \"Acțiune și Solidaritate\" instrucțiuni detaliate despre cum ar trebui să funcționeze democrația în Moldova până la alegerile parlamentare din 2025.",