{
  "config": {
    "steps": 50,
    "n_exemple": 6
  },
  "rezultate": [
    {
      "exemplu_num": 1,
      "sursa": "digi24.ro",
      "confidence": 0.9996430470782798,
      "convergence_delta": 4.153835296630859,
      "subwords_in_top15": 2,
      "full_words_in_top15": 13,
      "top_positive": [
        [
          "▁în",
          1.0
        ],
        [
          "▁în",
          0.935211718082428
        ],
        [
          "▁şi",
          0.8618745803833008
        ],
        [
          "▁Ucraina",
          0.8405181765556335
        ],
        [
          "▁în",
          0.8266646862030029
        ],
        [
          "▁în",
          0.7323524951934814
        ],
        [
          "și",
          0.5442648530006409
        ],
        [
          "▁ră",
          0.5227498412132263
        ],
        [
          "▁timpul",
          0.49503108859062195
        ],
        [
          "▁în",
          0.4907259941101074
        ],
        [
          "ţi",
          0.4892320930957794
        ],
        [
          "▁Ucraina",
          0.4890020489692688
        ],
        [
          "▁că",
          0.4706874489784241
        ],
        [
          "▁că",
          0.451662540435791
        ],
        [
          "▁şi",
          0.4194166660308838
        ]
      ],
      "top_negative": [
        [
          ".",
          -0.8272463083267212
        ],
        [
          "▁aproape",
          -0.7343284487724304
        ],
        [
          "odi",
          -0.6723365187644958
        ],
        [
          "▁timpul",
          -0.5330308079719543
        ],
        [
          "▁și",
          -0.47584590315818787
        ],
        [
          ".",
          -0.26653340458869934
        ],
        [
          "▁și",
          -0.26026248931884766
        ],
        [
          "pi",
          -0.2500450015068054
        ],
        [
          "Rus",
          -0.19968777894973755
        ],
        [
          ".",
          -0.196424201130867
        ],
        [
          "▁I",
          -0.1904279589653015
        ],
        [
          "ului",
          -0.18526262044906616
        ],
        [
          "ski",
          -0.17326205968856812
        ],
        [
          "▁Andri",
          -0.12628674507141113
        ],
        [
          "▁ilegal",
          -0.12514367699623108
        ]
      ],
      "html_file": "ig_d1_01_digi24_class0.html"
    },
    {
      "exemplu_num": 2,
      "sursa": "digi24.ro",
      "confidence": 0.999571599677438,
      "convergence_delta": -1.966770887374878,
      "subwords_in_top15": 7,
      "full_words_in_top15": 8,
      "top_positive": [
        [
          "bin",
          0.4221767485141754
        ],
        [
          "▁pe",
          0.39871424436569214
        ],
        [
          "▁cele",
          0.36861342191696167
        ],
        [
          "▁mer",
          0.3252119719982147
        ],
        [
          "”.",
          0.28809380531311035
        ],
        [
          "▁complex",
          0.2730848789215088
        ],
        [
          "ă",
          0.26542267203330994
        ],
        [
          "▁„",
          0.26532477140426636
        ],
        [
          ",",
          0.25499674677848816
        ],
        [
          "ți",
          0.2504103481769562
        ],
        [
          "în",
          0.24445787072181702
        ],
        [
          "▁în",
          0.2438373565673828
        ],
        [
          "ului",
          0.23780013620853424
        ],
        [
          "▁tension",
          0.23619332909584045
        ],
        [
          "▁a",
          0.21302545070648193
        ]
      ],
      "top_negative": [
        [
          "ice",
          -1.0
        ],
        [
          "▁e",
          -0.45471909642219543
        ],
        [
          "bas",
          -0.3947767913341522
        ],
        [
          "▁și",
          -0.3713819086551666
        ],
        [
          "bas",
          -0.31544560194015503
        ],
        [
          "dr",
          -0.2676851153373718
        ],
        [
          ".",
          -0.23787322640419006
        ],
        [
          "▁război",
          -0.2345973253250122
        ],
        [
          "bin",
          -0.20701013505458832
        ],
        [
          "▁război",
          -0.20421074330806732
        ],
        [
          "ul",
          -0.20235781371593475
        ],
        [
          "ski",
          -0.16622677445411682
        ],
        [
          "▁a",
          -0.1513751596212387
        ],
        [
          "▁zone",
          -0.14788126945495605
        ],
        [
          "▁mai",
          -0.13817191123962402
        ]
      ],
      "html_file": "ig_d1_02_digi24_class0.html"
    },
    {
      "exemplu_num": 3,
      "sursa": "digi24.ro",
      "confidence": 0.9976495888549834,
      "convergence_delta": 3.643439292907715,
      "subwords_in_top15": 5,
      "full_words_in_top15": 10,
      "top_positive": [
        [
          "▁Uniunea",
          1.0
        ],
        [
          "▁modern",
          0.340800404548645
        ],
        [
          "▁armat",
          0.2765040993690491
        ],
        [
          "▁not",
          0.1765480786561966
        ],
        [
          "izarea",
          0.15850482881069183
        ],
        [
          ".",
          0.13404187560081482
        ],
        [
          "▁Uniunea",
          0.13239875435829163
        ],
        [
          "▁Cooper",
          0.12587198615074158
        ],
        [
          "▁Europeană",
          0.09875163435935974
        ],
        [
          "▁Uniunea",
          0.09821663796901703
        ],
        [
          "▁fost",
          0.0936342105269432
        ],
        [
          "▁Europeană",
          0.0896064043045044
        ],
        [
          ",",
          0.0875658169388771
        ],
        [
          "ei",
          0.08625099807977676
        ],
        [
          ",",
          0.08587227016687393
        ]
      ],
      "top_negative": [
        [
          "▁armat",
          -0.37661507725715637
        ],
        [
          "izarea",
          -0.3414250910282135
        ],
        [
          "▁modern",
          -0.2698197662830353
        ],
        [
          ".",
          -0.2174864411354065
        ],
        [
          "ei",
          -0.2099037617444992
        ],
        [
          "▁din",
          -0.2022607922554016
        ],
        [
          "e",
          -0.10099217295646667
        ],
        [
          "d",
          -0.09851883351802826
        ],
        [
          "▁la",
          -0.07658086717128754
        ],
        [
          "▁Republica",
          -0.07184707373380661
        ],
        [
          "▁contribui",
          -0.06635420769453049
        ],
        [
          "▁(",
          -0.06118699535727501
        ],
        [
          "▁modern",
          -0.053495511412620544
        ],
        [
          "▁Bri",
          -0.0521571971476078
        ],
        [
          "izarea",
          -0.04496743157505989
        ]
      ],
      "html_file": "ig_d1_03_digi24_class0.html"
    },
    {
      "exemplu_num": 4,
      "sursa": "g4media.ro",
      "confidence": 0.9996690052212216,
      "convergence_delta": -0.7508466243743896,
      "subwords_in_top15": 6,
      "full_words_in_top15": 9,