{
  "config": {
    "steps": 50,
    "n_exemple": 6
  },
  "rezultate": [
    {
      "exemplu_num": 1,
      "sursa": "veridica.ro",
      "confidence": 0.9997170567512512,
      "convergence_delta": -1.5557794570922852,
      "top_positive": [
        [
          "rul",
          1.0
        ],
        [
          "rul",
          0.9849005341529846
        ],
        [
          "NR",
          0.9358127117156982
        ],
        [
          "REN",
          0.8771811127662659
        ],
        [
          "rov",
          0.8671566247940063
        ],
        [
          "Ă",
          0.8573135733604431
        ],
        [
          "vesti",
          0.829256534576416
        ],
        [
          "Z",
          0.7632964849472046
        ],
        [
          "tul",
          0.7519987225532532
        ],
        [
          "▁tortur",
          0.639660120010376
        ],
        [
          "▁nu",
          0.5788679122924805
        ],
        [
          "uri",
          0.5784817337989807
        ],
        [
          "Ă",
          0.5731813907623291
        ],
        [
          "tul",
          0.5604432225227356
        ],
        [
          "organiz",
          0.546188473701477
        ]
      ],
      "top_negative": [
        [
          "'",
          -0.2978086769580841
        ],
        [
          "'",
          -0.2795136272907257
        ],
        [
          ".",
          -0.2754162847995758
        ],
        [
          "▁PRO",
          -0.27413827180862427
        ],
        [
          "ieri",
          -0.2708473205566406
        ],
        [
          ")",
          -0.2573304772377014
        ],
        [
          ".",
          -0.24609294533729553
        ],
        [
          ".",
          -0.2372618168592453
        ],
        [
          "e",
          -0.22429445385932922
        ],
        [
          "▁rece",
          -0.2218732237815857
        ],
        [
          "▁La",
          -0.21878358721733093
        ],
        [
          "nu",
          -0.2142760008573532
        ],
        [
          "▁",
          -0.2102840393781662
        ],
        [
          "▁‚",
          -0.20126713812351227
        ],
        [
          "kovo",
          -0.19394169747829437
        ]
      ],
      "html_file": "ig_01_veridica_class1.html"
    },
    {
      "exemplu_num": 2,
      "sursa": "veridica.ro",
      "confidence": 0.9996827840805054,
      "convergence_delta": -1.839282512664795,
      "top_positive": [
        [
          "rice",
          1.0
        ],
        [
          "esc",
          0.8928385972976685
        ],
        [
          "▁Zahar",
          0.836409330368042
        ],
        [
          "dal",
          0.7943074703216553
        ],
        [
          "▁politici",
          0.716602087020874
        ],
        [
          "ova",
          0.6646955609321594
        ],
        [
          "ul",
          0.5776220560073853
        ],
        [
          "tice",
          0.5571787357330322
        ],
        [
          "▁mold",
          0.5531432628631592
        ],
        [
          "▁rus",
          0.5060114860534668
        ],
        [
          "Fun",
          0.4582045376300812
        ],
        [
          "ove",
          0.4287945032119751
        ],
        [
          ".",
          0.4269193708896637
        ],
        [
          "▁Maria",
          0.4154512584209442
        ],
        [
          "▁este",
          0.38039857149124146
        ]
      ],
      "top_negative": [
        [
          "nă",
          -0.30565977096557617
        ],
        [
          "▁Rusia",
          -0.27324599027633667
        ],
        [
          "l",
          -0.22864772379398346
        ],
        [
          "▁care",
          -0.20294548571109772
        ],
        [
          "rus",
          -0.19935181736946106
        ],
        [
          "tar",
          -0.1755417138338089
        ],
        [
          "▁UE",
          -0.1622026562690735
        ],
        [
          "tă",
          -0.16074496507644653
        ],
        [
          "i",
          -0.14832741022109985
        ],
        [
          "-",
          -0.14606550335884094
        ],
        [
          "ului",
          -0.1456642895936966
        ],
        [
          "\",",
          -0.13946112990379333
        ],
        [
          "-",
          -0.1326853632926941
        ],
        [
          "ului",
          -0.1326403021812439
        ],
        [
          "▁o",
          -0.12475941330194473
        ]
      ],
      "html_file": "ig_02_veridica_class1.html"
    },
    {
      "exemplu_num": 3,
      "sursa": "veridica.ro",
      "confidence": 0.9929785132408142,
      "convergence_delta": 0.15509462356567383,
      "top_positive": [
        [
          "▁Lug",
          1.0
        ],
        [
          "▁Lug",
          0.9261704683303833
        ],
        [
          "▁rus",
          0.8413179516792297
        ],
        [
          "ul",
          0.8333125114440918
        ],
        [
          "▁ori",
          0.8320667147636414
        ],
        [
          "eze",
          0.7549969553947449
        ],
        [
          "Z",
          0.7520490884780884
        ],
        [
          "▁Vreau",
          0.697311520576477
        ],
        [
          "▁organizarea",
          0.6327800154685974
        ],
        [
          "▁regiuni",
          0.5863757729530334
        ],
        [
          "ski",
          0.5561037063598633
        ],
        [
          "ă",
          0.5429350733757019
        ],
        [
          "BO",
          0.5061852335929871
        ],
        [
          "▁anunț",
          0.4976384937763214
        ],
        [
          "bas",
          0.4755660593509674
        ]
      ],
      "top_negative": [
        [
          "▁\"",
          -0.6476901769638062
        ],
        [
          "▁Administra",
          -0.5511473417282104
        ],
        [
          "▁PRO",
          -0.44166237115859985
        ],
        [
          "▁genocid",
          -0.4054639935493469
        ],
        [
          "▁total",
          -0.3441523313522339
        ],
        [
          "▁Rusia",
          -0.33833837509155273
        ],
        [
          "\",",
          -0.33683085441589355
        ],
        [
          ".",
          -0.3330819010734558
        ],
        [
          ".",
          -0.32578039169311523
        ],
        [
          "▁ce",
          -0.3082650601863861
        ],
        [
          "▁total",
          -0.2958029806613922
        ],
        [
          "ției",
          -0.2869010865688324
        ],
        [
          "▁ascund",
          -0.282062828540802
        ],
        [
          "▁Har",
          -0.2796829640865326
        ],
        [
          "▁mai",
          -0.2776360511779785
        ]
      ],
      "html_file": "ig_03_veridica_class1.html"
    },
    {
      "exemplu_num": 4,
      "sursa": "stopfals.md",
      "confidence": 0.9997151494026184,
      "convergence_delta": -3.512636661529541,