{
  "config": {
    "num_features": 15,
    "num_samples": 1000,
    "bow": false,
    "seed": 42
  },
  "fidelity_per_sursa": {
    "veridica.ro": {
      "mean": 0.11016269728125365,
      "min": 0.0907624147984245,
      "max": 0.1348629924517709,
      "n": 3
    },
    "stopfals.md": {
      "mean": 0.08821410898254645,
      "min": 0.04672827066511431,
      "max": 0.12551263077521302,
      "n": 3
    },
    "digi24.ro": {
      "mean": 0.2904107655606147,
      "min": 0.11452622882239061,
      "max": 0.4037490183820187,
      "n": 3
    },
    "g4media.ro": {
      "mean": 0.3594065699227764,
      "min": 0.21219115274448797,
      "max": 0.47174211102742325,
      "n": 3
    }
  },
  "top_tokens_cls1": {
    "de": 4,
    "și": 2,
    "este": 2,
    "ales": 1,
    "lagărul": 1,
    "estul": 1,
    "rusia": 1,
    "ucraineni": 1,
    "erau": 1,
    "gheața": 1,
    "propagandă": 1,
    "lagăre": 1,
    "practic": 1,
    "occidentul": 1,
    "poporul": 1,
    "se": 1,
    "occidentului": 1,
    "politicii": 1,
    "moldova": 1,
    "cap": 1
  },
  "top_tokens_cls0": {
    "în": 7,
    "declarat": 2,
    "că": 2,
    "luni": 2,
    "ministrul": 2,
    "ajute": 2,
    "care": 2,
    "cu": 2,
    "relatează": 1,
    "ua": 1,
    "au": 1,
    "său": 1,
    "şi": 1,
    "cazuri": 1,
    "săptămâna": 1,
    "front": 1,
    "și": 1,
    "american": 1,
    "pentru": 1,
    "facem": 1
  },
  "rezultate_detaliate": [
    {
      "exemplu_num": 1,
      "sursa": "veridica.ro",
      "titlu": "PROPAGANDĂ DE RĂZBOI: Rusia a descoperit lagăre naționaliste",
      "label_true": 1,
      "label_pred": 1,
      "confidence": 0.9997170567512512,
      "tip": "TP",
      "fidelity": 0.0907624147984245,
      "top_features": [
        [
          "ales",
          0.011537645200923763
        ],
        [
          "lagărul",
          0.011476265052998506
        ],
        [
          "estul",
          0.011223686362483937
        ],
        [
          "Rusia",
          0.011141592770620703
        ],
        [
          "ucraineni",
          0.011017821988817103
        ],
        [
          "erau",
          0.010949994842747716
        ],
        [
          "gheața",
          0.009493325642587504
        ],
        [
          "PROPAGANDĂ",
          0.00947199456395675
        ],
        [
          "de",
          0.009358966495226563
        ],
        [
          "lagăre",
          0.009126471871670887
        ],
        [
          "Practic",
          0.007539856603279745
        ],
        [
          "de",
          -0.006339649874801629
        ],
        [
          "simpatizau",
          -0.005057371864116185
        ],
        [
          "a",
          -0.0020271677816684707
        ],
        [
          "supraviețuire",
          -0.001656521244159979
        ]
      ],
      "html_file": "exemplu_01_veridica_TP_class1.html"
    },
    {
      "exemplu_num": 2,
      "sursa": "veridica.ro",
      "titlu": "Occidentul vrea să transforme R. Moldova într-un cap de pod ",
      "label_true": 1,
      "label_pred": 1,
      "confidence": 0.9996827840805054,
      "tip": "TP",
      "fidelity": 0.1348629924517709,
      "top_features": [
        [
          "R",
          0.024464210076630192
        ],
        [
          "Occidentul",
          0.02444647133818308
        ],
        [
          "poporul",
          0.02285174228175564
        ],
        [
          "se",
          0.02207047069545614
        ],
        [
          "Occidentului",
          0.020224594394111825
        ],
        [
          "i",
          0.01938445685832257
        ],
        [
          "politicii",
          0.01890467707783747
        ],
        [
          "Moldova",
          0.01488654776268894
        ],
        [
          "cap",
          0.011547405755012478
        ],
        [
          "aminti",
          -0.005176327148879176
        ],
        [
          "cale",
          -0.004669222177585804
        ],
        [
          "Maiei",
          -0.003956345038845467
        ],
        [
          "agresive",
          -0.003753319040052195
        ],
        [
          "a",
          -0.0020206911721276145
        ],
        [
          "după",
          -0.0007944551761214201
        ]
      ],
      "html_file": "exemplu_02_veridica_TP_class1.html"
    },
    {
      "exemplu_num": 3,
      "sursa": "veridica.ro",
      "titlu": "PROPAGANDĂ DE RĂZBOI: Consilierul lui Zelenski anunță organi",
      "label_true": 1,
      "label_pred": 1,
      "confidence": 0.9929785132408142,
      "tip": "TP",
      "fidelity": 0.10486268459356551,
      "top_features": [
        [
          "RĂZBOI",
          0.018282262771135527
        ],
        [
          "Donețk",
          0.017408610192299594
        ],
        [
          "În",
          0.016587833214801694
        ],
        [
          "cuvântul",
          0.016160104659477537
        ],
        [
          "când",
          0.01569515193873394
        ],
        [
          "și",
          0.015264699827163995
        ],
        [
          "populare",
          0.014858149523970082
        ],
        [
          "Administrației",
          0.014207101132501046
        ],
        [
          "Zelenski",
          0.013204500337075532
        ],
        [
          "august",
          -0.002222679485649397
        ],
        [
          "regiunea",
          -0.0015169933010818644
        ],
        [
          "un",
          0.0014128308332501313
        ],
        [
          "și",
          -0.0008473409183355992
        ],
        [
          "de",
          0.0007146006510408804
        ],
        [
          "regiunile",
          0.0006358251971050844
        ]
      ],
      "html_file": "exemplu_03_veridica_TP_class1.html"
    },
    {
      "exemplu_num": 4,
      "sursa": "stopfals.md",
      "titlu": "PROFIL DE PROPAGANDIST // Dmitri Buimistru: Falsuri despre a",
      "label_true": 1,
      "label_pred": 1,
      "confidence": 0.9997151494026184,
      "tip": "TP",
      "fidelity": 0.09240142550731201,
      "top_features": [
        [
          "PROPAGANDIST",
          0.0139038280846662
        ],
        [
          "sperietori",
          0.012073824703033085
        ],
        [
          "ACTUALIZARE",
          0.011710346388041614
        ],
        [
          "dezinformări",
          0.011200632694151544
        ],
        [
          "luni",
          0.01077651932980735
        ],
        [
          "propagandistului",
          0.010628588728752218
        ],
        [
          "despre",
          0.010111719120702595
        ],
        [
          "zisa",
          0.009750654501277265
        ],
        [
          "printre",
          0.009174191944321728
        ],
        [
          "al",
          0.009061785040834977
        ],
        [
          "Блокнот",
          0.007328221076302247
        ],
        [
          "de",
          -0.003188300456321942
        ],
        [
          "a",
          -0.0029343139790960456
        ],
        [
          "Moldovei",
          -0.0013668823419429343
        ],
        [
          "Europenea",
          0.0009763233357727939
        ]
      ],
      "html_file": "exemplu_04_stopfals_TP_class1.html"
    },
    {
      "exemplu_num": 5,
      "sursa": "stopfals.md",
      "titlu": "Procurorii vor investiga declarațiile lui Vladimir Odnostalc",
      "label_true": 1,
      "label_pred": 1,
      "confidence": 0.9996680021286012,
      "tip": "TP",
      "fidelity": 0.12551263077521302,